{"cameraMode":{"drawMode":0,"name":"Shaded","section":"Shading Mode"},"sceneLighting":true,"audioPlay":false,"sceneViewState":{"showFog":true,"showMaterialUpdate":false,"showSkybox":true,"showFlares":true,"showImageEffects":true,"showParticleSystems":true},"in2DMode":false,"pivot":{"x":1.91162109375,"y":0.06103515625,"z":25.2578125},"rotation":{"x":0.006013564299792051,"y":0.9936888217926025,"z":-0.09057444334030152,"w":0.06597471982240677},"size":8.700933456420899,"orthographic":true}