{"cameraMode":{"drawMode":0,"name":"Shaded","section":"Shading Mode"},"sceneLighting":true,"audioPlay":false,"sceneViewState":{"showFog":true,"showMaterialUpdate":true,"showSkybox":true,"showFlares":true,"showImageEffects":true,"showParticleSystems":true},"in2DMode":false,"pivot":{"x":484.800048828125,"y":509.1000061035156,"z":0.0},"rotation":{"x":-0.010499818250536919,"y":0.0014999988488852978,"z":0.000014243055375118274,"w":0.9999462962150574},"size":2293.93408203125,"orthographic":true}